,Tweets,Sentiment
0,Insulted Indian Freedom Fighters-  Shame on,0
1,SPECIAL BUT SHORT TIPS FOR SELF IMPROVEMENT :-*GENIOUS *WORK *ATTITUDE,1
2,"entire bollywood industry put together cant equate one dashing fighter  Hats Off """,1
3,Insulted Indian Freedom Fighters-  Shame on,0
4,SPECIAL BUT SHORT TIPS FOR SELF IMPROVEMENT :-*GENIOUS *WORK *ATTITUDE,1
5,"entire bollywood industry put together cant equate one dashing fighter  Hats Off """,1
6,Stop spreading hate TIMESNOW people shame on you and your dalal journalism,0
7,Shame on you,0
8,Slams out  never work  speak comment secret again why? His feel congress with Gandhi family again ?,0
9,"says in the beginning of the interview that she is a huge fan of s work! Now everything makes sense! When two red flags come together, its a red flag carnival",1
10,Irony is The lady who thinks Aazadi was received in bheekh has got national award for Manikarnika: Queen of jhansi..,1
11,"I thought india allowed people freedom to eess their views, or is that right limited to leftist liberals, arundhati Roy, JNU tukde gang, rana ayub etc, when they can spew venom &amp; get away why a storm if kangana has eessed her views,",1
12,"What it means kangana about""Azadi beekh ma mili ha"" Are you mad you dont no What was the contribution of bose,Bhagat singh, Rajguru And many people who contributed their blood to see india free They known as nationalist You are not a nationalist",1
13,"Should acquire good points from GODI MEDIA. YOU DONT DESERVE to play the role of ( Manikarnika), if you dont know the ""HISTORY OF INDIA"". ( Beauty without Brain)",1
14,Rare photo of freedom fighter Kangana runout during indian freedom movement in 2014...,1
15,"What it means kangana about""Azadi beekh ma mili ha"" Are you mad you dont no What was the contribution of bose,Bhagat singh, Rajguru And many people who contributed their blood to see india free They known as nationalist You are not a nationalist",1
16,"Instead of  and seeing their children become  and   , now the society will encourage their children to become  like  . Where we are heading now as a society.",1
17,"Independence from British was one largely due to efforts of Mahatma Gandhi and Congress. I cant figure out why Congress should not file the treason case - in multiple states, instead of AAP.",0
18,"Political parties influence people of india about  statement, watch full interview, in how sence she was talking",1
19,A group of freedom fighters on their way to apply for pension,1
20,So when should we celebrate independence day?,1
21,&amp;  Your justification to this incident is as useless as Instead of stopping her you continued conversation. Nation is seeing how  was involved in insulting great leaders of country with,0
22,"She said those who fought for freedom like bose, bhagat, chandrasekhar were not given the power. The power was given as alms to British creation called congress. Hindus became free in 2014 in the true sense of word.SO BRAVO KANGANA! We support you",1
23,Looks like a damage control ecise as host of the event can be seen praising her over condemnable remarks and those sitting in the audience were clapping shamelessly. Shameful and disgusting!,0
24,Best actress,1
25,Insult to freedom fighters Kangana ranaut says freedom in 1947 was bheek . India Attained freedom in 2014,1
26,"Few earlier statements r apprecitive but the present one on freedom after 2014 is stretching things 2 far. May be u r illiteracy attributed such ignorance. None of the present day so called ldrs r anyway near the Grt Bhagat , Azad , Netaji ,Asfaqullah &amp; mn others",0
27,Boycott her .....she is totally mad....,0
28,"Lets face it. Whether it is Kangana Ranaut or Pragya Thakur, they speak the real  of Modi, while Modi keeps up the pretence of respecting Mahatma Gandhi and freedom fighters",1
29,"Statements Was Twisted by the Corrupt Indian Media.please watch the full Interview,",1
30,Love you...,1
31,"= foolishness and  = a cheap prostitute owned by foolishness ... Both of them are an insult to our nation, its freedom and its freedom fighters""",1
32,The core issue has been addressed by Justice  long time ago when he declared 90% of Indians are idiots,1
33,"Read to the endAre you looking for reliable broker to trade currency. Here is the best Forex broker. Click this linkSTEPS1. Click the link, supply your email. Confirm email in your inbox.",1
34,"Let me complete the sentence ""she is high on manala cream, I know because my own son-in-low is provider""",0
35,Was sardar patel a freedom fighter ???,1
36,The guests should have walked out after hearing this. The anchor could have stopped the interview. But everyone continued the circus.,0
37,And she did a role for such freedom fighter who got freedom in according to her in bheekh What a fall,1
38,What a fabulous phase we have in : the combination of the greatest ever PM  ji and the greatest ever actor in  history  ji!!,1
39,"First she calls Mumbai POK, then she calls the hard earned freedom as ""Bheek mein mili hui"". Why is there still no action against her? This is a direct insult to our freedom fighters and its NOT okay. PATHETIC",1
40,"I wont be wrong when I say that   is the most foolish woman living in our country.. shes an insult to our country, its freedom and our freedom fighters.""",1
41,"The comments were about Congresss role in sabotaging freedom for their political gains and not who did what. Please dont waste my time. To each his own. Enuf Said. """,1
42,"Buddy dont cross the line of civility and decency like    just because wear dresses that shows skin doesnt mean you can question their honor, respect or decency - its not a measure. At the End, she is women, question her intelligence, ideology, hatred",1
43,"Buddy dont cross the line of civility and decency like    just because wear dresses that shows skin doesnt mean you can question their honor, respect or decency - its not a measure. At the End, she is women, question her intelligence, ideology, hatred",1
44,"She said those who fought for freedom like bose, bhagat, chandrasekhar were not given the power. The power was given as alms to British creation called congress. Hindus became free in 2014 in the true sense of word.SO BRAVO KANGANA! We support you.",1
45,Why bro Kangana has no freedom of eession?We have been taught wrong history that de di hame Aazadi Bina kadg Bina dhal. What does it means. Does it means that we are belittling the sacrifice of thousand of our martyers ?,1
46,Realy shame on you    inviting   on your channel,0
47,"Kangna didnt  Insult Mangal pandey, Netaji Bose, Savarkar or any other Freedom Fighter , but What is Happening In Congress Ruled ,So many Firs where is    Liberalism Died in Congress Ruled States""",0
48,no need for keeping this award to  iske layak nahi hai woh....,1
49,"Kangana Ranaut says 1947 was bheek and India got real freedom in 201...  via   """,1
50,thingsInsult to freedom fighters,1
51,Even Our Great Freedom Fighters Thinks Same As  About Congress,1
52,should be given the next award in same category what  received ...Shameless !,1
53,"No one even from so-called enemy nations like Pakistan and China wont make such bullshit comment to that level of s   that Indias freedom was achieved by begging,they have also full respect to our brave freedom fighters who sacrificed theirs lives 4a great cause.""",1
54,"Proud of Kangana Ranaut.. Hope more young Hindus realise the fake independence where the then PM &amp; MKG were just stooges of the Queen,Lenins and uncle Sam under which Hindus have been made to live a life of 2nd Class citizens..",1
55,"Kangana, the bhakth, received Indias fourth-highest civilian award from Modi Govt. No point debating it on Twitter.Twitter has already given their lifetime award for her Hate Speech. """,1
56,Nobody:Freedom fighters now:,1
57,"still higher officials ,  high command    not reacting on this issue ..it is more hurting than her words...or they will react only  if  or  leaders says that words..",0
58,Because our BJP PAID channels are busy with  instead doing a good journalism,1
59,Footprints On Earth    Charity Ngilu Nick Mwendwa Mueke Congratulations Pere Jumia Eosion,1
60,Congres party ki aukat.,1
61,Fighting for freedom in 2014. I enjoyed a lot... Did you guys?????,1
62,why you are cheering after  bheek remark ?,1
63,"Now aftr 2 days of outrage TimesNow realise n issue a statement.A very irresponsible act,if u or ur journalist r true Indian they would hv condemned it on d spot.U must also issue an apology 2 hv such person interviewed at ur channel",0
64,"Need some clarification from  on which Azadi Ka Amrut Mahotsav are we celebrating? The one which we got on lease or the one which we got in bheek...    """,1
65,"Hey  ,May you please let the govt know real independence day (date). So that they can fix our calendar and national holiday.",1
66,This is reality of congress party.,1
67,Here comes a HD video evidence for the Ghana clients.. Kindly confirm     Because we are here for serious business,1
68,One comment and all the anti Hindu brigade up in arms. I share her sentiments. BJP brought real freedom,1
69,hey  fans are you feeling bright enough for supporting this idiot? thanks to  all kinds of cretins are crawling out of the woodworks,1
70,According to  freedom fighters are jokers and Modi is the real freedom fighter,1
71,"sir ..when did we got independence??? in 1947 or in 2014   we are confused...if latter is wrong then why dont you react??? """,0
72,"1)  who insults the thousands of Freedom fighters gets  2) Job Termination for Dr Kafeel Khan who saved the children!Hes terminated despite getting clean chit from High Court!   """,1
73,I love Kangana for making this comment. Felt stifled under Congress governance since Independence. Finally when BJP came felt liberated and happy. This sentiment is shared by many of us and nothing wrong with her saying this openly.,1
74,Anyone else want to smash their TV sets tonight ???,1
75,Neuherbs Triple Tulsi - Giloy Plus Tablets For Boosts Immunity At Rs.99,1
76,"One special thing that we have left In that particular video Navika was saying ""thats why people call you GOD""  MEANS she were supporting her at that time .....Kangana is directly insulting our freedom fights",1
77,"Did  took permission of ""Padam Shri"" Kangna Ranaut to say this?Thats not fair, you cant take  freedom fighting credit from Reel La bai and give it to Real La Bai.",1
78,This is utmost insult of our freedom fightersPadma Shree is given to such shameless people who have the audacity to speak nonsense with confidence. She deserves sedition charges !!,0
79,"Dont miss this unique erience.  Hurry up Slots are filling up faster  Book your spot now.  """,0
80,By any standards of patriotism Kangana Ranaut needs to be stripped of her National Honours. She is so desperate for publicity that she insulted all the martyrs of freedom movement. This lady deserves to be penalised under the sedition acts.,0
81,"Kangana Ranuat is saying that the freedom in 1947 was a """" and doing Manikarnika movie. Wahhh..... BJP ki Dalal. Good Good  keep it up. Koi isey mental hospital ley jao... Film flop hone sey bawli ho gayi hai.",1
82,Pune Police Gets Another Complaint Against Actress Kangana Ranaut.,0
83,"believed in freedom narrated by Shaheed Bhagat Singh,may be she realized that even after gaining independence, there are underprivileged groups for whom nothing has been done for 70 years of freedom. is role model who achieve success by her own",1
84,insults the freedom fighters. Says that the nation attained freedom in 2014 to please her masters in  Enough reason for slapping treason case against her,1
85,Britishers freed India from Mughal.Modi ji freed India from Congress.,1
86,We Love nationalist,1
87,This man called  should b prosecuted/jailed by fast track court 4 spreading communal disharmony by spreading false messages out of sheer hunger 4 power &amp; money.  His idiot slaves are talking about arresting  instead. These bastards have destroyed India.,0
88,"Dont worry. For more information Visit Sant Rampal Ji Maharaj Youtube Channel. """,0
89,"1)  who insults the thousands of Freedom fighters gets  2) Job Termination for  who saved the children!Hes terminated despite getting clean chit from High Court!    """,1
90,We all love you,1
91,As long as you keep blessing people with your trading I will always be grateful with your company  no doubt you are a blessing to my family thanks for this wonderful profit received.,1
92,"Other than two issues relating to  and ,  these Congi losers have nothing else to discuss. Their fate is gonna remain the same for few more years under the leadership of moorkh  On other side, bullas havent stopped being crybabies since 2014 """,0
93,Congress should be ashamed to have looted the same country for which millions of  laid their lives. Why blame  when she points out what congress did to this country,0
94,"Brave step and true words of 100% Agree with her, being an  Indian citizen",1
95,is my favorite actress till she keeps her mouth shut.,1
96,Aug 15th 1947      Proud to be indian!  desh drohi !!,1
97,Amazon Prime Music MembershipLink:,1
98,When a certain president was asked to leave this platform I thought there were pretty big shoes to fill.....well....  took the job and ATE IT!,1
99,"She speak anything for publicity even against our freedom fighters, but we raise our voice aginst her",1
100,Kangana is a great distraction from Rafale ScamInflationUnemployment,1
101,"1 : Whats the importance of  2: Dont know bro,  is the latest recipient. 1: Got it bro""",1
102,"Talent loyalty cant but Chaplusi is still on top      """,1
103,"She is the best actress, unlike",1
104,"Shame on U,  co suppari agents,  ,  ,  .",0
105,"Modi might confer Padma Shri on Kangana Ranaut, but will not be able to forgive her from his heart",1
106,I am really proud of Kangana ...,1
107,"Too little too late... hate mongers     The anchor, the editor and most importantly the elite audience actually applauded the live streaming  A NEW LOW in the history of a secular democratic nation!!",0
108,"Param Vir for First war of independence 2014 yes she states that India did not get freedom in 1947 yes no wonder  defaced to dolando trump park     """,1
109,"Duplicate Jhansi ki Rani, shameless  should be booked Under the serious charges of sedition, and Desh Droh immediately. for maligning, defaming, &amp; insulting our Great freedom fighters.",1
110,"What  really meant was  got freedom to maim and kill innocent , ,  and jail innocents on trumped up charges.  got freedom to loot the country in 2014.",1
111,"The problem was not KanganaBut who let the dogs out?We know she will bark, who amplified her bark?The case should be against Times Now for seditionInsult against freedom fighters will not be tolerated.",1
112,"SHAME on you first ,We know you have small brain ,but now you seems to be brainless that ""bloody"" idiot soft porn actress   was making fun of our country  &amp; you were enjoying .The honorable should be taken back and both of you should be",1
113,"talked after Independence 1947 to 2014 , before  Era Independence was not truly Celebrated Like ,   issue was not resolved   From 2104 there is no such issues, Now we are truly celebrating Our",1
114,Redmi K20 ONE OF THE BEST SMARTPHONE under 25kLink:,1
115,They are congress workers... common people are with.  ...she slams Fake  congressias .nit  like  la bai...mangal pandey  ..Bose etc ...congress was connived with Britishers and Zinnah..   Daro nhi..,0
116,"""   remarks not endorsed by Indians: Times Now "" I agree with her..",1
117,"Soon you may receive   and a post from your freedom fighters team. Please remember   ,   they are your well wishers",1
118,"With each s statement I loose a braincell""",0
119,"Boss Lady  Shakes Up The Entire Left Ecosystem, Proud Of You Queen",1
120,First you killed the movie with your acting and now you have killed the sacrifices of freedom fighters who laid down their life fighting for our freedom. if u meant congress be straight on them. Who is Subhash Chandra Bose and Bhagat Singh then ?,1
121,"Sorry, upper strata might have got their freedom in 2014. Lower strata lost it in 1947!",0
122,meanwhile to support  here comes---,1
123,I love  you You were speaking from your heart.,1
124,Wow!! Two intellectuals making fantastic points. they deserve the one way trip to Mars. Kindly add them.,1
125,"its insult of our freedom fighters  """,1
126,"Again  proves that shes the best ally of GodiMeida, no one can distract like her. But the winner of this months Godi Rating Points is not  or , rather its a small time anchor who showed how low - low can go.Any Guesses?Ep.-  """,1
127,On popular demand there should be one way flight fr Delhi to Islamabad and Kabul. Lots of lovers still left over.   we  u.,1
128,"This Smiles Says Everything, as its the impact of recent  when she  received the Padma Shri Award at Rastrapati Bhawan for her inspiring role ..!! Info-     """,1
129,"Not a hardcore fan of , but this made sense. ""congress indeed is an ension of British"" ""a huge percentage of Congress back then ( even today perhaps) was occupied by British cvcks""",1
130,"The Biggest question is to our beloved ,  what was he celebrating all these while at RedFort, freedom of Indian independence or Freedom given by him to his bhakts??  ...",1
131,Great amazing spiritual link Given aboveFor getting real spiritual videos must visit satlok ashram YouTube channel.,1
132,"PM Modi Tells How Congress Has Respected Freedom Fighters, Everyone Must Watch",1
133,"Side effects of   s freedom of 2014 """,1
134,"She insulted congress not freedom fighters please watch time now if you wount proof she praise freedom fighter subash chander bose, rani labai in interview",1
135,"is the dumbest person in India and is a national embarrassment as she dont even knows about our independence, is she on weed on every 15th August?""",0
136,"She insulted congress not freedom fighters please watch time now if you wount proof she praise freedom fighter subash chander bose, rani labai in interview",1
137,"Why did poster queen anchor for Bunch of Thoughts    shut  during the debatethat its an insult to millions of freedom fighters,if it would have been Mumtaz by this time would have been behind bars""",1
138,"!!!ATTENTION!!!""It is amazing what you can accomplish if you do not care who gets the credit.""   - Harry S Truman",1
139,Freedom of Lie .,1
140,"When you get more attention and respect than you actually deserve, you behave like",1
141,"didnt refute the hopeless claim that  made on her face and she also didnt get the actual answer to her original question but went on the praise the guest. Journalism just jumped off the cliff! """,1
142,"She insulted congress not freedom fighters please watch time now if you wount proof she praise freedom fighter subash chander bose, rani labai in interview",1
143,"Hey FoodSavvy foodies, we have something that will create your  fitness and weight loss dream in reality, in your HealtyTreats catalog we have added a king of healthy food,Deilious Oats",1
144,"Kangana:- That was not freedom but ""bheekh"", real freedom came in 2014.Meanwhile Modiji:-",1
145,Look who is saying this. Why u and your party is silent about what  said.,1
146,Your anchor  was smiling when  was insulting  freedom struggle and every freedom fighter. You are promoting open insult to India. It is difficult to differentiate between  Anchors and eemist media spokesperson.,1
147,"PM Modi Tells How Congress Has Respected Freedom Fighters, Everyone Must Watch",1
148,"Kangana:- That was not freedom but ""bheekh"", real freedom came in 2014.Meanwhile Modiji:-",1
149,"Until  burst into the scene everything was alright for Mr. Byapari. Though I appreciate his writings (so do for Amartya Sen) but that doesnt qualify him to hurl such unilateral wild allegations. But, then I realized he is in TMC right now.. Oops!""",1
150,"Such disrespect against the great freedom fighters...withdraw Kanganas Padma Shri """,1
151,Kangana Must Be Booked Under UAPARetweet Guys Lucha Journalists Have some Shame.... Your turned journalism a 4 th pillar of,0
152,"Boss Lady  Shakes Up The Entire Left Ecosystem, Proud Of You Queen Kangana.",1
153,"Just like her acting skills her mental skills is depleting at an alarming rate. By bootlicking she got national award and padma shri and she thinks she has achieved them by her by talent   """,1
154,"Please guys dont give her a mic or a Twitter account She always talk shit   """,0
155,Why you morons are always after her? She just eessed her opinion. The freedom from slave like mentality is important for bharat.,1
156,loves her country.,1
157,should be arrested immediately. She is nothing but a Deshdrohi and we cannot tolerate such a person in our country who is insulting our great freedom fighters who fought hard and gave their lives for our freedom.,1
158,"i support   she said absolulty correct ,, in 2014  we got independance from congress which is an evil power got power transferred by britishers , which shattered pride of hindus and india after britishers",0
159,"Dont call me antinational for being her fan """,1
160,State President   along with State Office Bearers Have given application to the Superintendent of Yerawada Mental Hospital with a request to admit  in the mental hospital for statements on Indias freedom and freedom fighters.,1
161,"She is right. Congress disrespected millions of freedom fighters by saying charkhe se mili Azaadi. Jo charkhe se mili, jo angrezon ki chaploosi se mili azaadi woh bheekh hi thi.",1
162,"Those who are defending  about her recent marks on Bheek thing about Azaadi,Beta, Youre true face of fuckin Anti-National, Mfs. Enjoy.""",1
163,"so much hate for a daring womans.If she speaks against the wrong, then its hurts people a lot. in a male dominated country But no matter how much you try to Stop. But the success of those womens will always be a slap on your face.",0
164,"s shameless statement gives no shock to folks since thats something ected from a follower of bootlickers. The efforts of brave freedom fighters wont matter to the traitors who try destructing the nation every now and then. """,1
165,has esed fakeries of  on independence of the country. She eained facts precisely in a few sentances. People need to understand the truth.,1
166,Keep trolling guys True fans,1
167,"I condemn statement of  saying we got real freedom in 2014, before it was just begging.Kangana is not aware of what freedom is? For 200 years, so many sacrifice their life for what we say as freedom! must withdraw her award.",1
168,"Its a Big blunder, openly  is challenging the identity &amp; integrity of this NATION!Shame on you  JAI HIND      """,1
169,Just finished watching  and Im still traumatised by the jalianwala bagh scene. I think  should be jailed for making such shameful remarks.,0
170,did her best in spreading hates so of course she deserves the 4th highest civilian award at least she has given her  to this field  (according to governments  of india),1
171,Only awards can be obtained bt begging . Not freedom. Kangana statement is insult to all our freedom fighters. She should be arrested for this.,1
172,"And, I wonder if  will share video of those who clapped when  from  to  to  to  to  to  were being labeled beggars?Not only that  be sacked,  sent for rehabilitation but also them who clapped",1
173,"FYI, there are many people who have problem with Gandhi ideology.Thats a fact.Certainly not everyone like to show the next cheek after getting slapped in one.We like to stop the hand in the first attempt only &amp; give two slaps on the culprits face  """,1
174,"So...sir whats your opinion abt  ..??? She didnt embarrassed our freedom fighters???""",1
175,"Following the consistent ""Chanakya"" policies of helplessness &amp; the speed witnesses are becoming hostile Aryan Khans case is going to Cost NCB a lot if not BJP.It will be a Victory of Left J!h ecosystem &amp; Rich who can buy crimes of there ladlas.",0
176,I guess  has misunderstood herself as 21st century Sita and  as Ram?,0
177,Astonishing  submitted  application to the Superintendent of Yerawada Mental Hospital with a request to admit  in hospital for her statements on Indias freedom .Activists urged that her mental health is bad and she needs treatment immediately.,1
178,"That person made a movie all by herself in honour of one of the most prominent martyr. So just STFU and understand what she actually meant. Else you always have a option to ignore if you dont like something.   """,1
179,Why  is not playing  or making Savarkar? He can ask  to co produce. Afraid of another disaster like PM Narendra Modi?,1
180,Tonight at 10pmIST let us pray collectively to always walk the path of   that is based on  - sanatan laws of  - call by,1
181,"Insults to freedom fighter,I want police action against  for freedom only in 2014 comment.",1
182,Freedom of Lie,1
183,"Kangana, navika should be arrested",0
184,was used by BJP to derail the Raffle issue,0
185,Disappointed with not only her statements but also of the anchor and the channel. Have some pride about Indian freedom fighters.,1
186,"Nehrus sacrifices for Indias freedom  speaks out,  seeks burnol!""",1
187,"And name  got PADMASHRI AWARD FOR artIndia govt Also changes difenation of ARTLaying and kissing peoples for money is ART NOW """,1
188,Maybe Kangana is the first piece of brainwashed robot? Big Brother is playing his card.,1
189,Thrustmaster Ferrari GTE 458 Challenge Edition Racing Game Wheel at 4479,1
190,"Netaji Subhash Chandra Bose gave the quote you give me blood I will give you freedom.That was Bheekh mein mili hui azaadi..  fans are one of its kind.""",1
191,World cup 2011 winners according to kangana ranuat,1
192,Yes please send her  Get well soon card and some flowers. She Needs healing.. brain main kuch chemical locha hain.,1
193,An ironically ridiculous moment when  thinks India got its freedom in 2014 and BJP comes after her. LoL,1
194,"didnt sacrifice their lives for  s freedom but worked for Britishers, received allowances &amp; betrayed Bhagat Singh, Chandrashekhar Azad. Then, they became prime minister. cheated  &amp; abuse  you are absolutely right """,0
195,Next Day Lazy Feel Hotha hy please like share and subscribe to my channelSubsc       M,1
196,&amp;  are as pathetic as  &amp;  if not worse.,0
197,Dear   and so called   Do you have the guts to trend  ?,1
198,I Love  you,1
199,NSUI Maharashtra State President  along with State Office Bearers gave application to the Superintendent of Yerawada Mental Hospital with the request to admit  in the mental hospital for her offensive statement on India freedom,1
200,Kangana is an ignoramus !  But what is  s ese ??? An Editor cannot claim to be ignorant or slow witted ! Why did she let it pass and smile giddily ?,1
201,Do not despise the freedom you have gained by striving for your selfishness.!,1
202,all students are confused,0
203,"Reel is always reel. How you try show real. Kangana Ranaut is worker of BJP. She always speak silly. If we got independent in 2014, then before, how she work in industry industry. She always speak Idiot and silly talker.",0
204,"This is [dup] jansi ki Rani during 2014 freedom struggle!!  This women utters anything but I bet she wont  come into politics because that will a tough place for her as she is only a keyboard warrior &amp; can only utter nonsense sitting on sofa.  """,0
205,"One has to understand why  is showing courage; its only bcoz she learned by now that the instrumental contribution of  in freedom struggle. pushed her to deny d truth. In enmity to Muslims, she will go possibly low. """,1
206,"plz educate ur stupid followers. They will earn money by making films on freedom fighters but will bark against them in real life.  u guys wont say a thing, sharam karo """,1
207,"Well!!  has always been civilized &amp; elite force regardless of the ruling party. once they throw ball, Kongana will be run out for sure.",1
208,Why  accepted  as it doesnt belong to after 26-05-14  jis independent,1
209,"While many said she had insulted the countrys freedom fighters and their sacrifice, some politicians demanded the government to withdraw her Padma Shri award. """,1
210,"not only congress, so many others like Bhagat Singh, Chandrashekhar Azad, Bismillah, Udham Singh sacrificed their lives to get us our freedom - the reason you and I and Kangana can lead a free life. And she insulted them all, she insulted INDIA !",1
211,and they laughed at  Really man this guy is all above comedians! Even mr bean fails!,1
212,Kangana Ranaut agar kisi thele pe jaaake golagappe bhi khale toh bhi news bn jaaye !!! So what is this point ki  surkhiyo mai rhene k liye ye kar rahi hai !!!!! She speaks her mind and if her thoughts make you angry then stop watching her .,0
213,Design transcends agenda. It speaks to the politics of optimism.,1
214,1st why you telecast such thing ? 2nd why anchor Navika as agreeing to her point and intact praises her the way she speaks 3rd people sitting and clapping  where they bjp / rss / times group ?? 4th Is times group or navika apologies for it ?,1
215,so fresh &amp; beautiful,1
216,"What to make of the various utterances of  .Is she really unhinged, insane, unintelligent, and ignorant as her detractors claim, or is there a motive?Read and share",0
217,"What was   doing when  made that statement. Why couldnt she intervene?Only after the public outcry such statements are coming from This shows their fake nationalism..These paid media are loyal to the ones who pay them not to the country.""",0
218,"complaint filed against Kangana Ranaut for calling Congress govt era an ension of British Rule.Meanwhile Sanghi bois : Koi fayda nhi, hum hain na...",0
219,"Freedom is not found in begging, madam would have to sacrifice for it. You did MahatmaGandhi,Bhagat Singh,ChandraShekharAzad And dont know how many people sacrificed.Anyway,what is the difference,in the summit of fools, there are only fools.  """,0
220,so should we forget the sacrifice of our freedom fighter.Those who were martyred at such a young age . did not get any award.,1
221,"So, as the award wapsi gang didnt get any of the awards this year, theyre now down to forcing people who got one, to return theirs. """,1
222,Web design is not just about creating pretty layouts. Its about understanding the marketing challenge behind your business.,1
223,You should have had the guts to stop  then &amp; there when she started talking filth. Disgusting.,0
224,Looks like  got high after getting  award recently....,1
225,"please control your tongue.... Or someone will chop it.... You degrading the ""Freedom Fighters"" of My Country. What a Disgusting Creature you are",1
226,NSUI Maharashtra State President  along with State Office Bearers gave application to the Superintendent of Yerawada Mental Hospital with the request to admit  in the mental hospital for her offensive statement on Indias freedom &amp; freedom fighters.,1
227,"to maintain peace and harmony in the country  should be behind bars, an influential person should not be given undue advantage of his or her status.",1
228,Shame on your statement. you insulted freedom fighters.,0
229,"I am ashamed of Myself that ,why I watched the movies of this lady, she has abused every life sacrificed for archiving Freedom..",0
230,"Files a complaint to the honourable President of india, to withdraw the padma sri award from  She must be sued according to the law of this country. She is insulting the highest office of the India.",1
231,"Padma Shri for &amp; Job Termination for Dr Kafeel Khan who saved the children!Hes terminated despite getting clean chit from UP govt. and High Court!   Raise your voice  """,1
232,True Indian never listen word which was used by . How Navika and TimesNow listen this word.,1
233,"Every great design begins with an even better story."" -- Lorinda Mamo, designer.",1
234,Surely  statement.!!,1
235,The answer to this will have to be asked from the headmaster of WhatsApp University that why are these two toppers confused about independence?,0
236,"However, leftists &amp; islamists are constantly twisting her statement hoping to get her arrested somehow.But they cant do it because nothing did she say was wrong. And it wouldnt hold for a second in the court of law. Proud of  for speaking her mind.""",1
237,"Many people are shocked by Kangana Ranauts award.     """,1
238,"These are 2 great toppers of whatsapp university, one says that India got independence on 99 years lease.And the other says that India got real independence in 2014.Who taught them?",1
239,Kangana is a dangerous distraction from Rafale scam.,0
240,"called indian freedom ""alms"" as in "" bheekh"".Where are the so called nationalists? for eples        ?  Where are you all? Where is the so called national party   ?",1
241,"I remember somewhere in 2016-17 Congresss tukde tukde gang was asking Freedom, No wonder why they have objections with Kangana """,1
242,You woke up finaly just why did you didnt say anything in front of kangna are you scared with this mental?,0
243,How much farther are u gonna take image building! u say India got independence in 2014!!! Actual direct insult to all those who fought for this great nation! IMHO this is truly anti Indian.  Shameful statement. Keep ur chamchagiri to urself. We hv spine &amp; pride!,0
244,"s India got freedom in 2014 insult to freedom fighters: Twitter Reacts """,1
245,Independence Struggle - Behind The Scenes.,0
246,"if we independent in 2014 then pls let us know about Shahid Bhagat Singh and all freedom fighters sacrifice.""",1
247,You should return award that was started in 1955. Coz you think indepence came in 2014.,1
248,Okey. Can we have a closed holiday every year on the day we got independence in the year 2014?,1
249,"People who are targeting , didnt even used to take interest in politics before 2014.and now giving lectures on nation, freedom fighters bla bla.Kindly thank to PM Narendra Modi Ji""",1
250,Good that you woke up. Now ban her permanently! She is a disgrace.,0
251,"Kangana should be booked under UAPA for her remarks on Indias freedom. She has challenged the sovereignty of the county before 2014. She is a clear internal threat to country. Awarding kangana a padma shri is an insult of the the award. She should be arrested.""",1
252,Big breaking...Mahila Congress files case against  in churu and jodhpur districts!Kangana in trouble after her statement on Independence,0
253,"and the people who were present at the show and clapping on  s words are all "" Anti Nationals """,0
254,Only awards are given as bhik not freedom,1
255,Usually prefer to stay away from dirty shitty politics.But couldnt resist today.,0
256,Listen full speech Half knowledge is a dangerous thing,0
257,What I get from  tweet on  is that  and others who clapped on   are not TRUE Indian !,1
258,got  for Licking Government shoe and Spreading hatred :Wah wah,0
259,"Why only  there must equal action against  and  why didnt  stopped and cross questions  inspite of she encouraged her and shameless crowd clapping..""",0
260,"Not only  , even North Korean channels like  and  need to be taken to task.",1
261,"To everyone who supports  statement about Indias freedom  """,1
262,"She is right. India got independence due to the destruction of the British economy caused by world war 2, not due to Gandhi or other so-called freedom fighters. Later India was enslaved due to communal hatred,pseudo-secularism and the congress dynasty.",0
263,"Sorry Shaheed Bhagat Singh ji,Neta Subhash Chandra Bose ji,Shaheed Ashfaqulla Khan ji and all our Legendary and beloved freedom fighters,we jst forgot what u had done for us.This lady has crossed all the limits.Sorry ji,was it anti-national or not?",1
264,NSUI Maharashtra submitted  application to the Superintendent of Yerawada Mental Hospital with a request to admit  in the  for statements on Indias freedom and freedom fighters .Her mental health is not good and she needs treatment immediately.,1
265,"Why are you so nosey about ,  ? Did you hear s comments on Indias freedom?Did you know about ? Did you hear about latest drug haul in ?Any update on the case  is fighting regarding ? """,0
266,shame on you kangana,0
267,"If this type of thing were said by any other than BJP supporter they wouldve been in jail right now. And when this senseless bi*ch disrespected our freedom fighters nothing happens to her. This govt. cant do anything theyre coward. """,1
268,I proud of you baby,1
269,And the LeLiJis were doing this in  India  till we got freedom from them  in 2014. Otherwise they would have continued mocking and humiliating Hindus.Weldone,0
270,True way of Worship is currently available with Saint Rampal Ji MaharajVisit Satlok Ashram Youtube Channel,1
271,"You turned out after two days, Hmm What about  Smile??Do you uphold  Arrest??Who insult our freedom fighters and millions of Indians sentiments...",1
272,A final choice  The welcome spread of assisted dying,1
273,Ert your product globally with Medusa EXIMAagro ProductsBiscuitCerealsCoco PowderDairy ProductsWe believe in building strong partnerships with customers by providing them with an investment-worthy collection.,1
274,"Many warriors lost their lives for the freedom of the country, Rivers of blood were shed, Homes were ruined only to liberate the country. Today an actress says the country became independent in 2014,  we request take back the  from",0
275,True way of Worship is currently available with Saint Rampal Ji Maharaj,1
276,REAL BOSS LADY FEARLESS GIRL IN BOLLYWOOD ONLY ONE,1
277,"Stop giving importance to Kagana Ranaut and his comments. When there is no reaction, she will shut up. Such people do not deserve as much discussion as we talk about people who spread such hatred. So ignore it.",0
278,You people keep following  &amp;TV has pushed Charvaak to Mahabharat age. Charvaak was a great thinker of somewhere 600 BC but these TV and Bollywood can do anything.,1
279,Yes kagana is 1000% right,1
280,First of all this channel  should be ban for showing such insults on all Indians on azaadi and also its insulting of Independence Day and Republic Day    Arrest,0
281,Sapphire and diamonds work so well. I think.,1
282,"Did she mean in 2014 we got freedom to humiliate, lynch, kill our fellow countrymen; declare our countrymen anti National, urban Nas; imprison them without due process of law. In 2014 we got freedom to declare Secularism is a heinous crime.",0
283,"Many warriors lost their lives for the freedom of the country, Rivers of blood were shed, Homes were ruined only to liberate the country. Today an actress says the country became independent in 2014,  we request take back the  from",0
284,Pl learn Indian culture of tolerance and simplicity before giving such statements This is not an behaviour of Bhartiya Nari Pl be in your senses before talking you are damaging image of Bharat and Bhartiya Nari,1
285,"May be this is the deal for awarding padmashri award to  Just to butter one, you have let down thousands of heroic freedom fighters who fought for our freedom.This is an insult to the nation",1
286,"Statement of  on Indian Independence is disrespectful towards all the great freedom fighters like Mahatma Gandhi,  Netaji Bose, Sardar Patel, Bhagat Singh, Chandrashekhar Azad, and Maulana Azad.They should be arrested!",1
287,"Should we really think that this lady deserve a honor  I said No,this women should be shame on her self,she disrespect our freedom fighterAnd that is not acceptable,Her award should be returned and there should be a case against her for his trash talking",1
288,"what is the need to link good actor and intellectual?She is good actor, may be good person but not intellectual.So stop bashing kangana",1
289,"Fought together Muslims, Hindus, Sikhs.  is equally responsible as She is also enjoying the silly speech. And Why are we even celebrating  Azaadi ka utsav? Answer  or else SHUT UP.",1
290,"Woh Azaadi nehi thi , bheekh thi  Read  if you are capable to read and write My grandfather was young ,17 years old He joined  the freedom fighters from a District here in West Bengal named Burdwan. Burnt a post office run by the British government then and was",1
291,"""ED RHEAC LOOTED SSR MONEY""Yes  its high time now to restart the investigation and arrest the Criminial Rhea and other big persons behind it.  ""CBI EXPOSE SSR CASE MASTERMIND""",1
292,played a mind game... and got lease increased for another 99 years....Wow masterstroke....,1
293,Shame on you..!!Woke up day after the incident..!! What was you doing when Anti National  insulat our freedom fighters who sacrificed their life for the freedom of India in your own channel in front of your own anchor?,1
294,Who else want such Independence ?,1
295,"Why anchor of Times Now did not object when Kangna made that statement? She was allowed to make a statement, it was put on all platforms and now putting a clarification when damage was already done? Godi Media is anti-national.",0
296,"Whats wrong if  had compared the eemist activities of Hindutvafascists 2 ISIS?Wasit right2respect  with Award who disrespected Indias Independence struggle?Was it theblunder of Khurshid 2be a Muslim 2 blame4 esing ugly sideof Hindutvafascists?""",0
297,"point should have been objected on spot, you did had option, you did disappointed too.  speeches always meant to have response so she can get attention she need for  career... best today onward ignore  heroine.",1
298,Only brain dead people Like Modi &amp; His Bhakts support a Bitch Like,0
299,Soon BJP will announce the second Independence Day holiday of the year on 26th May.,1
300,The basic purpose of human life is to do true devotion.,1
301,Now  Will give her bharat ratan Shame on u  She insulted savarkar also now the big question is that will  And other right wing tolerate this or give their reactions,0
302,Demonstration in front of Kangana Ranauts house people demands Padma Shri award be taken back,1
303,"Did she mean in 2014 we got freedom to humiliate, lynch, kill our fellow countrymen; declare our countrymen anti National, urban Nas; imprison them without due process of law. In 2014 we got freedom to declare Secularism is a heinous crime.",0
304,"Oh, the jealousy. Dont be jelaous of others success    """,1
305,These are some WhatsApp font tricks that you should know       #,0
306,"egged on this   smiling..eulogising..While this carricature of an Indian insulted &amp; negated a glorious,painful history of prolonged freedom struggle..Those who braved th Cellular jail, police batons, bullets, ee. Chheee!",1
307,"egged on this   smiling..eulogising..While this carricature of an Indian insulted &amp; negated a glorious,painful history of prolonged freedom struggle..Those who braved th Cellular jail, police batons, bullets, ee. Chheee!",1
308,"I say  and Swara Bhaskar have a problem with everything. Especially with every fact, they just want to debunk all facts and state that they are correct with their perspective even though they are not most of the times.",0
309,"ji said india got real independence in 2014Yes she is absolutely right (PS : Acc. to her,Independence = more Corruption,Hindu-Muslim,Decline in GDP,Lynches on both Hindus n muslims,Fake Encounters,Arrests of Journalists,Lack of freedom of speech)",0
310,"Boss Lady  Shakes Up The Entire Left Ecosystem, Proud Of You Queen",1
311,is NOT a TRUE INDIAN : Sources from Times Now reports,1
312,How bad can a propaganda get?Shaheed Bhagat SinghNetaji Subhash Chandra BoseWhere all actors of 40s and Akshay Kumar and  where active freedom fighters since 2014,1
313,"Both  and  is equally shameless, navuka dont deserve to be called as a journalist.I remember shahs word navika kachra Apart from that  also called gandhiji a beggar indirectlyIts a treason, sedition  """,0
314,"Kangana:- That was not freedom but ""bheekh"", real freedom came in 2014.Meanwhile Modiji:-",1
315,Shame on you,0
316,Real freedom,1
317,What a waste of time and resources on such idiotic  actress. Deserving people who got  should return it. Let her enjoy the award.,1
318,State President   along with State Office Bearers Have given application to the Superintendent of Yerawada Mental Hospital with a request to admit  in the mental hospital for statements on Indias freedom and freedom fighters.,1
319,Mamplz watch this video  celebration after 2014 Azadi,1
320,I fully support kangana.,1
321,AAP lodges complaint of sedition against Kangana Ranaut,0
322,My Simple Question from Jammu &amp; Kashmir. PM shri  ji When did India get Freedom ???????If we celebrate 15 August 1947 as Independence Day then Why Prime Minister Modi ji has awarded Padma Shri award to  .Waiting for Reply.,1
323,Was it worth it,1
324,If this cannot be endorsed by anyone  why the hell did your anchor  not stop  right there? Why did you allow this OPEN INSULT of our freedom fighters &amp; their sacrifice? Navika needs to be pulled up for it and owes an apology to every Indian!,0
325,1947 its a freedom from outside looters....2014 its a freedom from inside looters....u may right,1
326,"Its a Big blunder, openly  is challenging the identity &amp; integrity of this NATION!Shame on you  JAI HIND      """,1
327,"Narendra Modi People like Kangana Ranaut, Ajay Mishra, farmers, common man will be the Cause of your Major defeat in 2024.",0
328,Our freedom fligher did their best...and it is not matter what they did instead why  not taking about her own efforts for this country ept her shameful poses.,1
329,"If you want to blame  blame Gandhi too.Gandhi said real independence will come when Congress mukt bharat happened.Didnt Gandhi ask for winding up of Congress party? """,0
330,must be arrested,0
331,What we ect from a drug addict charsi gardulli One fine day may be she will say it in media that she is mother of nation,1
332,do you still have any doubt on  bayan ?? Why are you using ?In your prime time debate ?,0
333,Who else want such Independence ?,1
334,"What an insult to all the , including my Grandfather. Govt of India should revoke her . This is not acceptable. My Grandpa and many others fought for our freedom that we got in 1947",1
335,Narendra Modi is taking People and Nation for Granted?,1
336,"Kangana Ranauts Padma Shri should be withdrawn and she should be charged with sedition """,0
337,What is the meaning of a storm in a tea cup?: a situation in which people are very angry or upset about something that is not important The whole controversy turned out to be a storm in a teacup.,0
338,"Its vry disappointing that nations highest civilian honours and one like a PADAMASHRI, has been used as a political tool by this BJP Govt.Awarding it to  is like awarding a Noble peace prize to a Kapil Misra or a Pragya Thakur.This is an insult to these honours!""",1
339,She insulted every freedom fighter by her statement! And that Reporter  shame !,0
340,"Ye charke se azaadi waala sirf churan hai jo bachpan main chataaya jaata hai..leaving India coz of non-violence portrays both parties in good light. Remember, all ""celebrity couple"" who separate say we separated on ""good terms and are friends"". Enuf Said.",1
341,Shame on You Kangana Ranaut You are not a Indian Citizen Really feel Shameful for you and for your supporters,0
342,in her interview mentioned the fact about  as a successor of,1
343,Sanjay Raut very well eained who is this shameless lady when she talked against Mumbai..,0
344,"And name  got PADMASHRI AWARD FOR artIndia govt Also changes difenation of ARTLaying and kissing peoples for money is ART NOW """,1
345,As a 14 yr old my dad blackened the statue of Queen Victoria in 1942 and missed a whole academic year. Couldnt go home either. and  have insulted his struggle along with millions of freedom fighters. Shame on you Ms Runout.,0
346,"""Is Hinduism about the beating of any Sikh or Muslim...?? But Hindutva sure is!!"" Rahul Gandhi openly talking of Hindutva being a violent ideology that beats and even kills!! https:",0
347,was recognising her &amp; did not challenge  point. When you are silent during injustice you are with that POV.,0
348,"What was Navika doing? Shouldnt she have countered this? This tweet is now meaningless. Would you go to say that you will not provide  a platform like this again? """,0
349,Have given application to the Superintendent of Yerawada Mental Hospital with a request to admit  in the mental hospital for statements on Indias freedom and freedom fighters .Her mental health is bad and she needs treatment,1
350,"What was Navika doing when  made that statement. Why couldnt she intervene?Only after the public outcry such statements are coming from This shows their fake nationalism..These paid media are loyal to the ones who pay them not to the country. """,0
351,"Lemme burn  haters moreHear it loud congress, Kangana Ranaut wont return her Prestigious Padma Shri",0
352,I really want    as Indira Gandhi,1
353,"So  u doing fraud with public after they paid you ?? My family was watching old serial ""Office Office"".. but suddenly it disappeared after buying",0
354,She insulted every freedom fighters by her statements,1
355,"Kangana haters just go to hell ....she is a brand with "" silent ...",0
356,"BJP should take back  from this Women, if BJP doesnt then it means BJP Modi Support with what this Women Said.",1
357,Shame on,0
358,"Watched her full interviewShe in correct in every senseWith due respect to every freedom fighter, congress and its Chamch negotiated freedom frm british raj.More and more power to you""",1
359,"Sure. You provided the platform to her, offered no on the spot rebuttal, no cross-question and took just about 48 hours to tweet out 280 characters.  column check",1
360,Why you not fired that cheer-lady?? This shows  view is your channel...,0
361,Have given application to the Superintendent of Yerawada Mental Hospital with a request to admit  in the mental hospital for statements on Indias freedom and freedom fighters .Her mental health is bad and she needs treatment,1
362,"What was Navika doing when  made that statement. Why couldnt she intervene?Only after the public outcry such statements are coming from This shows their fake nationalism..These paid media are loyal to the ones who pay them not to the country. """,0
363,Nifty 1 Hr tf breakout Hope the rally continues more,1
364,Enough is enough...  and  should be arrested asap.,0
365,Because our BJP PAID channels are busy with  instead doing a good journalism,1
366,What She said was Thoughtful &amp; DebatableI Stand With HerThis Is India We have Freedom of Speech and Everyone Can Share their Thoughts,1
367,Kangna ranaut and this man have same problem...,0
368,Hats off Kangana Ranaut for telling the truth which one everybody knows but nobody has the guts to tell,1
369,Padma Shri award given to Kangana Ranaut for her Vital role in Freedom struggle. She Killed 10 thausands Britishers and Got Freedom. She deserved this award.See her courage here.,1
370,When you ask friend for assignment.,1
371,workers protest outside kangana house in Mumbai over her controversial statement,0
372,"quick,  is supporter of which political party?",1
373,What a shame !It took  so many days to set the record correct.Was  waiting for clearance to see if 1947 or 2014 is correct?What about  ?Can we ect some disciplinary action on her for allowing such defamatory content?,0
374,"I think whatever we get.. we should appreciate that,and shouldnt egerate!!!""",1
375,"Kangana Ranaut should be kicked out from the country. As per her Desh azadi 2014 ko mili. Such a shameful statement by her and she got  and its an insult to our freedom fighters and armed forces. Bc!!  is such an evil woman.""",0
376,during 2014 freedom struggle.,1
377,Will  become Sorry-kar now? To save her skin.Yes or no?,1
378,"Your anchor was sayingTHATS WHY PEOPLE SAYING YOU GOD Is this your journalism """,1
379,to all her haters .She lives rent free in their mind.Keep crying haters.,0
380,"Sach kadwa hoti hai  , I dont know what they will do but yes they are proving your statement! Hats off.""",1
381,good,1
382,"she is an amazing artistAnd very things is great. But this nuisance we wont accept   and a  doesnt give you the right to talk rubbish about our nation """,1
383,Kangna is a real kangna of government which is awarded just because of making sound in the hand of government,1
384,haters and  ko mirchi lagi!! I share her sentiments and views too!! If some unintelligent agenda driven ppl cannot understand what the women meant then its their problem!,0
385,"Boss Lady  Shakes Up The Entire Left Ecosystem, Proud Of You Queen",1
386,Well written Strict action should be taken against  or else Whats Azaadi ka utsav.  needs answer. What action has been taken against her? Who disrespects Freedom Fighters.,1
387,People like her are deserving to get  not,1
388,Bilkul theek likhiya Have you answer for thisFirst find a translator big bro pls help haha,1
389,"i strongly condemn this type of statement like insulting our nations prideful freedom fighters,i request  to file an  case against this Kangana Ranaut for her disgusting statement and others who insulting our nations freedom fighters.""",1
390,"The only good thing Times Now did after coming out of 2 days hibernation is the ""video quality""",1
391,"Few people demanded to invoke sedition charges against the  for her recent remark on real freedom. I would say sedition charge doesnt apply to those who are symptomatic of mental disorder. Lets pray for her. """,0
392,"Kangana Ranaut should be kicked out from the country. As per her Desh azadi 2014 ko mili. Such a shameful statement by her and she got  and its an damn insult to our freedom fighters and armed forces.  is such an evil woman.""",0
393,Proud of you,1
394,always support,1
395,Proud of  spokesperson  to demand action against   Dear  jiYou rock.  Poojaneeya Sarsanghchalak Guruji Golwalkar would have been proud of you,1
396,what a waste of sperm,0
397,Seems  has  succumbed to the liberal gang pressure against  They know very well what she meant and said in what context  Here is the reminder,0
398,"Boss Lady  Shakes Up The Entire Left Ecosystem, Proud Of You Queen",1
399,Proud of you,1
400,The iconic  of congress rules dialogue separates humans from sanghis and now the comments on independence like  even separates sanghis from unevolved monkeys,1
401,and  needs to be party in every complaint filed against this seditious statement by  for not objecting to it during the show and giving a platform for such hate speech.. this is an insult to the Indias. Only Anti Nationals r ok with it,0
402,We support you every time mam,1
403,"Yes she said truth freedom 1947 mou between gandhi,nehru and east india company  not real freedom struggle long live kangana",1
404,So everything she portrayed in  were the attempts for ? &amp; her views are disgrace and the ones who gave her  pretend of respecting freedom fighters but actually they all are .,1
405,"Times Now should clearly denounce...cant be talked, heard,read,written,broadcast, or thought by any Indian!  navika """,1
406,"When security personnels r killed in the line of duty, the entire country erupts in rage and vows to avenge the killings but whn an RSS bhakht insults them on national television, nobody utters a word.   times now",0
407,"Take a note.  is Indias first government-backed traitor who got award for her many Anti National activities""",1
408,"According to Kangana,The creation of the universe has happened only after 2014!",1
409,"What a foolishness     Remember how you got into films if theres no freedom """,1
410,"Forget  look at Canara bank which -one of oldest banks- literally meaning anglicized version of Kannada, apologizing after anti-Kannada hate management ! Can there be a bigger sedition by Modi in month of  !",0
411,"is suffering from brain related issues. We should wish her ""Get well soon"" card and some flowers. She needs our support.. send flowers to her, and wish herGet well soon mamu- Munnabhai",1
412,Why Kangana Ranaut Insulted Indian Freedom Fighters ? Kangana ko Azadi 2014 mein mili? Share ur opinion Click the link to know whole matter-,1
413,"Abosulte straight answers and opinions, great like the way she replied",1
414,"sir after this wankhede case, pls try to shut mouth of mentally imbalanced actor  who thinks independence was given by  n not our freedom fighters.",1
415,Same you &amp; your reporter also responsible for that we want strict action against her..you have to must apologize for same,1
416,"Kanganas statement on Real Freedom: Congress writes to President to withdraw her Padma Shri; AAP lodged complaint      """,1
417,"Those who are trolling kangna ranaut and want padma for Sonu Sood listen you idiots.. Padma is given for best work in specific fields..not for public hatred/mocking.. there were socialists who achieved more than Sonu Sood despite challenges.. Theres no comparison """,0
418,Freedom of Lie,1
419,Think the take aways per  were1. Colonial intent was to have a class of Indians who could serve as bulwark against other Indians2. The manner in which 1947 unfold served to a. Have a new state antagonistic to Indiansb. Install Indians hostile to rest in India,0
420,Those who agree with  they should be punished too.Disrespectful nature of kangana and her supporters,1
421,Hindus got true freedom from the    political party only in 2014.,1
422,"Please take away padam shree from her she dont deserve it at all""",1
423,your government is honouring people like  with prestigious   who was banned by  for spreading hatred!Who calls the sacrifice of our freedom fighters as Bhik!What message is the GoI under the visionary leadership of M0DI trying to give?,1
424,"all Kangana Ranauat fans are very happy today.     """,1
425,Shame on you,0
426,Watch Antim Salman Khan trailer Reaction by Harishbhai on Youtube OPEN this -      LONE WARRIOR JAY   ED RHEAC LOOTED SSR MONEY,0
427,"oh my god!!! please stop  this lady she is just going to be mad....... what would we get in 1947 is bheekh then madam please leave this country and go to other country... she is traitor. ... who does not respect her country s freedom fighter... """,1
428,Watch RRR Glimpse Reaction by Harishbhai on Youtube OPEN this -      LONE WARRIOR JAY   ED RHEAC LOOTED SSR MONEY,0
429,Dont fall in trap of these  and post complete statement of . These 2BHK buggers are in Rudali mode since 2014.,0
430,"RetweetAnd say loudIndia dont need kind of channel who say YOU ARE GODWhen  said bheekh to our soldiers sacrifice for independence """,1
431,BJP says kangana has her personal liberty to speak and we cannot interfere this is bullshit ... And they say the we are real Desh bhakt .,1
432,Watch Dhamaka Trailer Review by Harishbhai on Youtube OPEN this -      LONE WARRIOR JAY   ED RHEAC LOOTED SSR MONEY,0
433,Watch Squid Game Series Review by Harishbhai on Youtube OPEN this -      LONE WARRIOR JAY   ED RHEAC LOOTED SSR MONEY,0
434,Remembering the Y-2014 freedom struggle and freedom fighter  thru her valiant efforts got us freedom,1
435,Padma awardee Ms Ranaut,1
436,SHE IS NATIONAL BITCH,0
437,Padma shri to  is one of the finest selections. Thanks  sir  sir,1
438,so fresh &amp; beautiful,1
439,Indian Freedom was not a Bheek like an award you get in Bheek  .,1
440,"ji said india got real independence in 2014Yes she is absolutely right (PS : Acc. to her,Independence = more Corruption,Hindu-Muslim,Decline in GDP,Lynches on both Hindus n muslims,Fake Encounters,Arrests of Journalists,Lack of freedom of speech)",0
441,"Its rather hilarious that people in India take Actors seriously! If they had any Brain, they would be at the Universities and not in a Show Biz. Its not their problem, its you who worship them and ect so much from them.",1
442,"Dear  (god) , plz forgive all the  who used say inshallah two times in a sentence after winning 4 matches ,but after   loss no one is saying...why so much selfish",1
443,"WHAT IS OUR HIGHEST LAW AND ORDER..SUPREME COURT JUDGES DOING...WHAT IS OUR DEFENCE ARMY,NAVY AND AIRFORCE DOING..PEOPLE ARE ABUSING OUR NATION AND THEY MUTE SPECTATORS..WHAT NONSENSE IS GOING IN THIS COUNTEY..THIS IS LIMITS",0
444,This Are The People Whole Had Given Their Rubbish Ideology For Their Intrest And Want To Spread Hate In Our Diversified United Nation. Strict Action Should Be Taken On Both For Their Rubbish Ideology They Have Presented In Front Of Our Nation.,1
445,Im guessing the mike fell out of the Anchors hands (just like that cellphone story in Hyderabad ) so she couldnt check or correct this. Throughout the show.,1
446,Shame on  !!Shame on  !!Shame on  !!,0
447,No wonder  has been given  ignoring thousands of women in the   industry who deserves it in the category she has been awarded. Very smart   keep doing it,1
448,THIS IS JUST SHOCKING..PEOPLE HAVE STARTED OPENLY ABUSING OUR NATION AND OUR GOVT IS MUTE SPECTATOR,0
449,"Quizophy : Do you know, When was the Department of Atomic Energy established ?which one is the right answer comment below",1
450,"Kashmiri Pandit Sandeep Mawa, whose salesman Ibrahim Khan was killed by  attack believed to be aimed at him. He said that he will not leave  as a Muzlim has sacrificed his life to save Hindutva / Hinduism in Valley",0
451,"Well said  mam must sensitise its anchors, so that they can recognise and answer a pagal like """,1
452,I strongly feel something is wrong with lady.,0
453,The queen who made India indipendent by sitting on a fake horse,0
454,and if government has not taken a serious action on this incident It will be a black mark on our those great freedom fighters who sacrifices their lives to gave us this freedomJai hind Jai bharat,1
455,On a day when journalistic integrity was put to shame!  spewing blasphemy getting to know higher grounds!,0
456,India got real freedom in 2014 Copy paste this tweet and tag,1
457,"Why shouldnt a sedition case be filled against  for her remarks on Indian independence? Where is the PM  and home minister ? Honorable   should take a note of it.""",1
458,I hate this democracy,0
459,"Yes this is a bitter truth, Congress is the ension of British Rule in all nature and manner, this is very loud and clear..And she is the true nationalist. We proud of you dear .",1
460,WHAT THE FUCK SHE THINKS OF HERSELF..SHE HAS INSULTED THE VERY FOUNDATION OF OUR WHOLE NATION!! THIS IS JUST NOT DONE. WHY IS SHE NOT ARRESTED YET??,0
461,"I have got Padma Shri in return for all the nonsense Ive done till date. Now Im preparing further for Bharat Ratna, gonna do some requiring. : (KR in her mind just before that bakwas statement.)  """,0
462,When Govt is going to take action against  for her stupid statement against our country? What is stopping Govt from taking quick action?,0
463,"But natural that  should sneer at Indias independence, considering she is a follower of . Traitorous behaviour is in their genes.",1
464,sawarkar who spend his whole life in writing maafinama is their hero so what else we can ect from this chaddi gang,1
465,what do you mean by  may think? Millions of freedom fighters gave up their lives so that present media openly manipulate history?,1
466,biggest dumbass women ever born on earththese sanghis has stitched their mouth because they know Rss did nothing in Independence,0
467,So now what main issue the BJP govt trying to divert from people by letting this morons raise a controversial statements,0
468,"This ""freedom of speech"" is given by the freedom of 1947 and by the democratic values INDIA believes in, it is shame and disgrace that center endorsing such hate mongers by conferring them with Civilian award   &amp;",1
469,"Bye Bye  once again his time, emotion and compassion has changed",1
470,"SUCH A SHAMEFUL MOMENT FOR THE WHOLE NATION AND PLATFORM WAS AN INDIAN NEWS MEDIA CHANNEL.THIS WAS LIKE A LIVE ABUSE TO OUR MARTYRS AND MILLIONS OF MEN,WOMEN AND CHILDREN WHO FOUGHT AGAINST BRITISH FOR FREEDOM WITH THEIR HEAD HELD HIGH.",0
471,"Journalist and Journalism were on standby mode and hence didnt react.Remove that journalist if possible who is equally responsible.  """,1
472,"Unaccepted statement by   , 1947 and all about freedom of this nation it was",1
473,Insulting of our Freedom Fightershow will this mad lady... How can you say you mad lady... Openly insulting....,0
474,"Comedians are put behind bars after cracking an unintentional joke. While people like Kangana Ranaut are still roaming free after putting such defamatory statement against their own country. Whos responsible for this?""",1
475,"THIS IS SO INSULTING..THIS IS LIKE A LIVE ABUSE TO ALL MARTYRS FROM JALIANWALAH BAGH TO SUBHASH CHANDRA BOSE TO LALA LAJPAT RAI AND MILLIONS OF MEN ,WOMEN AND CHILDREN WHO FOUGHT AGAINST BRITISH WITH THEIR HEAD HELD HIGH !!HOW CAN WE TOLERATE THIS?",0
476,Kangan should be ashamed of  calling  herself a true nationalist. A true nationalist insults all freedom fighters because they gave their blood to free the nation from Britishers. Who wants such a true nationalist? A fake nationalist,1
477,"you have received a so early approval from your bosses to condemned the remarks made by . Have some shame man, grown up the spine, and ask your team to do at least 10% of their job with dignity.",0
478,"Its a shame for all opposition parties, including congress, to not gherao Kangna Ranauts home till her Padmashri is withdrawn """,0
479,"WHY DOES OUR PRESIDENT,PRIME MINISTER AND EVERY POLITICIAN CELEBRATE INDIAS INDEPENDENCE DAY ON 15TH AUGUST??WHAT DO WE CELEBRATE?",1
480,Freedom of Lie,1
481,I support,1
482,So basically INDIA got independence after 2014!!!  The sacrifice which our freedom fighter gave was useless and as result india got independence in 1947!  indirectly she tells it all..,1
483,"is Kachra and  is her and BJPs dumping ground.Har ek Azadi ke sipahi ko tumhare studio mae  ne gali de hai. Tum log taliya bajate reh gaye.No debunk, no counters, just plain garbage.People of this country will not forget neither forgive.",0
484,"I was born in 1987 and I have lived every single day of my 34 years in this free country. Which country are you talking about  ? Coz my country India got its Independence in 1947. Wish  would have taken this stand on the stage where they hosted her. """,1
485,"Not just freedom fighters and Indian national movement, Kangna also insulted 61/65/71 war martyers, and our armed forces by saying we won freedom after 2014.",1
486,Mumbai National Delegate Nikhil ruparel along with other party member protested outside Actress  Building in   against her derogatory statement in her interview to one of news channel.,1
487,"It cell couldnt take this harsh truth thats why they cutout video &amp; spreading fake news  """,0
488,"Earlier I used 2 consider him  bt den  raises d bar everytimeI hope  isnt special 1  mentioned abt marrying and making babies wid in  ? A   here?Shell get both sided political immunity from """,1
489,"First of all why do u get such psychos on ur show &amp; secondly if u r scared to object her views it self is a agreement to what she said  !! Even if ur trying to control the damage, but its done .",0
490,"kangna is a bitch, put her in jail",0
491,Digital India se kitna asaan ho gaya na complaint karna... Easy peazy!! Thank you Mr. Prime minister.  Aap bhi thank you bol do.,1
492,She just can not say this think in a platform provided by you and getaway. You are equally guilty for enabling such anti-national statement for her to meke.,0
493,WE DONT NEED SUCH KIND OF NATIONALISM..THIS IS NOT NATIONALISM ..THIS IS JUST NAUTANKI BY A PERSON GETTING SUCH HIGH CIVILIAN AWARD EMBARASSING THE WHOLE NATION IN FRONT OF THE WORLD,1
494,"This BJPs second inning became  house, you do the controversy still we will give you award, we will save you from going jail.    """,1
495,"What  meant by India got freedom in 2014Who are the real people of IndiaHindusWho are Muslims originally in IndiaHindusCongress is and was and will remain a Muslim Party in the name of Secularism.So India means Hindus got freedom in 2014.""",1
496,Too late for Damage Control . And we anyways know neither you nor  has a spine given the latter is a bootlicker.,0
497,Shame on you Times Now for letting  insult our Independence &amp; sacrifice of Martyrs.,0
498,Senseless bitch,0
499,"Wow what a hypocrisy!  people can write shit about hinduism in a book that was right but if  says something then there is a problem FIR is lodged against her  should have lodged a FIR against  too for adressing hindus as jihadis""",0
500,Show me one Bollywood celeb more clear &amp; more powerful than  is.. Her love for her country is pure &amp; unconditional.,1
501,"We think its time SmritiIrani STOPPED studying  because she will NEVER GRADUATE  :   """,0
502,"Are there some news classifying tool ?- news that has to do with , H Raja and likes will go into  Distraction  from what matters bucket""",1
503,I was more amazed as to how Navika Kumar was quite after she made the statement... Media is really shameless in this country,1
504,Kangana in the 2014 Freedom Fight..,1
505,Majority of Indians agree to what  has said.,1
506,Welcome first  after independence in 2014,1
507,"is so stupid as she cant even realize that we have freedom, democracy before 2014 and now an absolute rule like China or Russia.""",1
508,"The clarity of thought and something that a normal mind cant grasp.RESPECT.    """,1
509,"dont even know when we got our independence, seems like she is another 5th pass""",1
510,"Indias independence was a ""bheek"" (charity) says  who herself starred in Ranilakshmibai movie portraying the first battle for freedom! I hope she keeps her brain ka switch on while mouthing off statements",1
511,ji still confused between Hindutva and Hinduism.,0
512,So will you demand that the Award given to her shall be withdrawn?? Or this tweet is just to do face saving??,1
513,"Mumbai | We strongly condemn actress Kangana Ranauts statement (India got freedom in 2014). She insulted freedom fighters. Centre must take back the Padma Shri from Kangana &amp; arrest her: Maharashtra Minister Nawab Malik """,1
514,Kangana Ranaut stated that the independence in 1947 was given to Congress as bheek (alms). Real freedom was in 2014. Website:,1
515,"If you have little sense, stand in the queue to HELL.",0
516,"Did she mean in 2014 we got freedom to humiliate, lynch, kill our fellow countrymen; declare our countrymen anti National, urban Nas; imprison them without due process of law. In 2014 we got freedom to declare Secularism is a heinous crime.",0
517,Memechat me New strain search karne ke bad everyone looks.,0
518,"This woman thinks she was the only warrior There in 1947.Her statement clearly insult of our freedom fighters.I cant believe how our govt can waste awadrs like padmashree on such a stupid people.If i say something more then my tweet could be removed.  """,1
519,Kangna deserved award based on her professional achievement Her personal behaviour howeve more than disqualified her for any reward and yesterday  she did show how unworthy she is with her 2014 jibe,1
520,"Police complaint filed against Kangana Ranaut for calling Congress govt era an ension of British Rule.Meanwhile Sanghi bois : Koi fayda nhi, hum hain na...",0
521,"itself admitting that speaking against Jihadi, Khalistani and enemy of country is Hate speech for them.  is talking about Jihadi and khalistani and Quint is saying this is hate speech. kitna milta hai unse??",0
522,"Truth...truth....truth. keep ur spirit like this  maam. """,1
523,"Right wing supports  and on the other hand left wing liberal supports  .But at the end both do the same work, i.e spreads negativity",1
524,"s statement on s freedom from British colonial rule has sparked a huge controversy. """,1
525,"not done !! To laud someone, you cant demean thousands who laid their lives .. very irresponsible",0
526,".  has demanded that the Centre must withdraw the  from   for her controversial remarks on the countrys Independence and sought her immediate arrest.   """,0
527,"Ya rightly said sherni(animal)she  is. Doesnt value the scarfices made by all freedom fighters.Bheek is what she got as the  award for licking  present Govt boots &amp; wat  got after doing so much of social work &amp; helping poor is IT raids.Think bro""",1
528,"If foul-mouthed like Kangana Banaut go unpunished, this will be the future of upcoming generations.",1
529,"Plz dont demand action against Kangana. Instead, demands for her medical treatment. She badly needs it""",0
530,"Sorry sir but this is not the topic here We are just talking about  s speech and that was not well from any side.""",1
531,"She is getting all the awards because she licks the government boots, she is communal, she is anti national, she insulted all the freedom fighters, transport her to  island , it will be best for her  lost her mind",1
532,"How Narendra Modi could be called the Mass Murderer, he was no way interested in stopping Wave 2 of  , and the media didnt report to public my tweets to put pressure on him! lancet    """,0
533,has given a golden opportunity for  to the following and some moreHope they dont miss this chance,1
534,"Media are busy covering   but they dont care about students plight. Railway e date and result are nowhere to known, media have guts to call themselves 4th pillar of democracy.     etc r mute ovr dis issue""",1
535,"OUR FREEDOM FIGHTERS SACRIFICED THEIR LIFE FOR OUR FREEDOM.BHAGAT SINGH, ASHSHAQULLA KHAN, CHANDRASHEKHAR AZAAD ND MANY MORE DIED FOR OUR COUNTRY.THIS IS HOW YOU TALK ABOUT THEIR SACRIFICE?",1
536,"You can get  by begging, not freedom and what do you know about freedom, you were not even born. We will not let any of her shoots to happen in Mumbai, Maharashtra until kangana tender an apology.",1
537,Freedom of Lie,1
538,"To bring up the hype, here we bring you the top 8   that you should watch out for in 2022.",1
539,"This is calle body shaming you dont need to become as pathetic as the apposition you just need to condem the shit not to become that shit. """,0
540,"In the midst of the whole  debacle, the pattern becomes clearer. If shes saying something insanely controversial, there has to be something majorly wrong happening right now that the gov. Is trying to hide.""",0
541,"is right about new start for Bharat in 2014        said""For the first time we have an Indian leadership, which is passionate about who we are""",1
542,"Till 2014 India wasnt free so it was OK !But why now ? asking """,1
543,"Very well said. We dont have asked for any Certificate from    Better you introspect What &amp; Who is Islam all about. ISLAM IS A ROTTEN CULTURE WHICH BELIVES IN DESTRUCTION &amp; NEWER CONSTR3.  Nation is with U  """,0
544,to bag another national award next year after her statement on India getting Independence after 2014Cheers,1
545,"As  Summit flared many prominent faces were seen in the event with Dr. Balwant Harinath Singh, Vice Chairman of Darwin Platform Group of Companies.",1
546,India got Freedom only in 2014 When Modi Became PM | Freedom in 1947 was...  via,1
547,Congress is saying kangna remarks is insult to the freedom fighter who laid their lives. All these days they were telling   se azadi mili thi.,1
548,"lol, this is Gold!Times Now asking Kangana to apologise coz she abused one of theirs  Meanwhile when she abuses Freedom Fighters and plays down their contribution, media becomes her cheerleaders!",1
549,"We are at a time when it is so easy to spoil someones image and also build. We need to be sensitive when we talk something on public forum. Of course, it is ones own view. But, can anyone say anything if it is her/his own voice? """,1
550,Full respect to  for speaking truth Thats so damn true congress is an ension of British We know the story of Nehrus Gandhis very well &amp; never idolise them ..&amp; liberals and wokes are biggest hypocrite in this country More power  to you,1
551,I never took  seriously but now that she is  awardee ( State backed honour )she does influence me !She has to be responsible and she ought to be punished if otherwise!,1
552,is trending for whole day what a powerful,1
553,Since Kangana is in the news insulting our martyrs.,0
554,I know a 7 year old. I think he is a freedom fighter who got us freedom in 2014 when he was barely one year old!,1
555,"She is mad woman who should be charged immediately under sedition charge.... her treatment should be immediately started at mental hospital. Shame on her, how can she get even civilian awards       Jai Hind",0
556,Isnt  stunt to save  from other important issues !!,1
557,Crush: Tell me something that I dont know Me: India got freedom in 2014,1
558,She is a brave warrior and have the guts to speak the truth. She should be awarded the gallentry award...,1
559,"Why did your anchor not stop  from uttering nonsense about Indias freedom.  &amp;  are equally complicit in promoting such utterances from an imbecile who must have read some history for her role of RaniLakshmiBai  must condemn her.""",0
560,XD I am dead after this one,0
561,"Thanks You  G, And Special thank you  for give me",1
562,I am not surprised by   Speech the government has already given her awards for bad things. thanks for public entertainment.,1
563,India got freedom in 2014 and Gujrat got freedom in 2001,1
564,"Kangana is not anti-national. She is just a distraction planted by 56"" conman to divert our attention from real issues and ongoing scams.Yeah.. shes a loser too!",0
565,Acc. To LawFundamental Duty(2):Every citizen should respect the ideals &amp; institutions (Freedom Fighter)SHAME on u,1
566,Ah shit on my trending feed again,0
567,Shame on Kangana Ranaut for disrespecting our freedom fighters. Please react and arrest her ASAP!,1
568,MODI - why should we award you?Kangna - India got independence after 2014 .MODI - Award kon sa logi discuss kar le .Kangna-,1
569,"Demand to take back  from : Actress insults freedom fighters, mocks freedom movement",1
570,"Ept few, most Padma shri/bhushan awards are given by ruling party to the people who are  mindlessly supportive of their Government.But i wasnt ecting Govt would literally give it to hate monger like  though.. """,1
571,Kangana is good at Acting .. she must focus on it . Why unnecessary publicity statements,1
572,"She is an idiot. Dont know what BJP is leading to by giving Padma Awards to such shameless people who dont respect those who sacrificed there life to see India freedom """,1
573,"Right is enough to corrode system, principles, ethics. No need of no one else.Stop call for  charges against",0
574,"is somewhat right , I also think no body give you freedom bcoz of you do non violence its just propoganda,  firangi left country bcoz they fear after 2nd world war""",0
575,"Becoz true nationalist knows whom she is humiliating, your desperate attempt to link it with freedom fighter wont work. And traitors have no moral rights to talk about freedom fighters. Traitors should cry in the corners.    """,1
576,Here is the complete statement of Kangna.I agree with her .In 1947 it was just the transferring of Power  taken place !We didnt get freedom then .,0
577,"Who is ? actor of Hindi cinema. Actor in cinema speaks what script is given. She is actor outside screen. Speaks&amp;writes what script is given.Its stupidity to protest a movie character. So why cant treat her like an actor&amp;ignore? Why giving so much importance?.""",0
578,"Hey guys, Check out our FREE Dating App-FriendlyMony and connect with your Ideal partner through CHAT and Video CallDownload:",1
579,Shes on Heavy Dose of Malana Cream: Nawab Malik on Kangana Ranauts Freedom in 2014 Row,1
580,is another blind bhakat of modi...every moment she opens her mouth she speaks nonsense...,0
581,"think independence came after 2014, will she return the Padma award which received recently as the award initiated bfore 2014.",1
582,When should we celebrate Independence Day? I am confused.,1
583,This is just super weird!!!...,1
584,"Its high time that all Respected leaders of BJP to condemn K R madam,  stay away, n U Govt to withdraw ""All Awards ""/Protection if any .Madam needs Vipashyana , Meditation..whatever the Best Treatment available in world,  outside India Please.",1
585,And she said so because maybe she still thinks that Veer Savarkar was asking for Aazaadi through his mercy petitions.and Britishers agreed on that.Following freedom fighters known for their Muafi skills can say that 1947 mein azaadi bheekh mein mili thi,1
586,Complaint Filed Against Kangana Ranaut For Calling Indias Freedom In 1947  Bheek,1
587,will have all day shout out on   but he will dare to speak a word on   clearly shows the mentality of  .,1
588,True respect to our real heroes!!  Thanks   Proud to be your fan!,1
589,"So now onwards, shall we start celebrating The Independence day on 23rd May instead of 15th August ?     ?  or  ?   !",1
590,"The first chief of defense forces, like a , was also rewarded for his pro-BJP opinions.",1
591,"Did she deserve it at d first place that it now be taken back? What BJP govt wants to prove by such absurd decision making? Is it that its here to propagate anti-nationalism, fascism nd hatred?An honour like a Padamshri has been disgraced !""",0
592,"What Kangana Ranaut left unsaid: Till 2014 India was a large, massive forestIndians lived on trees Lit fire by rubbing stones Modiji came and changed all this.",0
593,"Kangana Ranauts Padma award should be revoked: Cong leader Anand Sharma over actress independence remark | Indiablooms - First Portal on Digital News Management  """,1
594,Govt is demeaning the award itself by giving it to people like,1
595,"Saheed Bhagat Singh, Subhash Chandra Bose, Sardar Patel. Unlike you, they fought for a cause. You should be dedicating your Padma Shri to them, not belittling them.Unlike you, they had the guts to give their lives to the country and its well-being.Jao aur ro ab.",0
596,"When it comes to , the struggle is always real.",0
597,"rightly said that secularism made India a no-mans land, which our hare-brained constitution insensibly transformed into a habitat of varied interest groups to its eternal hurt!     """,0
598,Congress leader Salman Khurshid compares Hindutva to ISIS &amp; Boko Haram in his new  dirty politics in the name of religion all the time.,0
599,Account suspended,0
600,Can we ect to see a collab between Karan Johar and Kangana Ranaut? See what fans have to say,1
601,She is tactless and shallow.I have so much respect for our freedom fighters - we owe it to them.,1
602,"yes, you got national award more from 2014 thats why you got independence  in 2014 """,1
603,"We respect our freedom fighters, respect their life for freedom. We request the  to withdraw  of      if you feel the same.",1
604,"honoured with Padma award for insulting freedom movement and independence,BJP will honour such people who insults the independence and constitution.I request Honbel  that her Padma Shri award should be immediately recalled.",1
605,was so correct. We still need some more freedoms to get.  2014 is just the first step.,1
606,She is the lady who was mocking   for her short clip without seeing the full interview .Kangana is naturally beautiful and full of acting talent But Swara bua only gets free limelight on her strange tweets and provoking lines,1
607,"Your ellency as a patriot citizen I humbly request you to please take back  from  as she has given anti national statement in public by saying that India has got its independence as a beggary/charity in 1947""",1
608,"Even Modi himself wont say that India got true freedom during his regime .Such loyalty mst be a surprise for all BJP loyalists too .,""",1
609,Top News Today: Maharashtra Minister Nawab Malik asks Centre to take back Kangana Ranauts Padma Shri and arrest her,0
610,"I Agree With  that we got Independence in 2014.Thats the tweet.""",1
611,Well said sir.  should be taken back from,1
612,Kangana Ranaut is in a legal soup after her Bheek comment,1
613,"15th August 1947 was the day when India got independence , as per the Preamble of Indian Constitution we the people of India are Sovereign, Secular and Socialist . After 2014 we are missing being Socialist and lack of independence  .",0
614,Someone please stop her !!!,1
615,Support,1
616,"Undoubtedly  deserve to b puton trial for Treason, disrespectful to India &amp; immediately pull back    Appeal to you! ""Withdraw Kangana Ranauts Padma Award"" Congress Leader Tags President  via",1
617,"""Looks like Kangana Ranaut took a heavy dose of Malana Cream before making such a statement,""  said.",1
618,".  demanded the Padma award given to  be taken back after her statement that what India got in 1947 was alms. That was not freedom but bheekh (alms), and the freedom came in 2014.",1
619,"Who says India doesnt have freedom of speech? Only in India will you get rewarded for calling for violence on Twitter, spreading fake news about Covid deaths, and insult the sacrifice of freedom fighters calling our independence as charity, with a PadmaShree. """,1
620,"It seems the very reason the  cunningly tore  apart on religious lines was to save themselves from being killed while they left. A country fighting among themselves may not kill the .s freedom in 2014 comment """,0
621,Giving  by BJP to  whose understanding of sacrifices of countless freedom fighters &amp; suffering of our countrymen is dictated by the ideology of collaboration with British ending in division of our great India is another of their anti-national acts...,1
622,"Live this Sunday 09.00 PM      This is great! Just listen to Prasannas Dil Ki Baat on JustBaat.  """,1
623,its self a nothing know Wht  speak but he set goal for next election bcoz he know also he never get again seat from BJP .. He not work good for his own area &amp; Modiji agenda very clear no work no seat .. So sir he is set his agenda for next party,1
624,fans right now,1
625,She only knows Savarkar thus thinks about begging and mercy.,1
626,"Contribution of RSS in the freedom struggle was smartly removed by the ruling party after , Do you agree  ???",1
627,"Actress   kicked off a firestorm on 11 Nov.21 for declaring that India attained freedom in 2014, when the Modi-led government came to power, and describing the countrys Independence in 1947 as bheek, or alms.",1
628,Shame on you,0
629,"Found the video of Jhanse Ki Rani Kangnamma fighting with the British, that brought freedom for our country in 2014, and that impressed Sanghi President",1
630,is not mere a distraction but a to cactus grown up in our front yard,0
631,Take back the award from  she does not deserve the award and how come ppl are so silent in her bullshit statement she has given,1
632,leader  demands the arrest of  for her comments,0
633,"After receiving the  award this character demeans the Freedom Fighters. All PMs including Mr Modi hoist flag on 15th August, Pay respect to Gandhi and Freedom Fighters...Isnt this a fit case for sedition? """,1
634,this women is high disgrace to our country.     if you remain silent it means you are approving what she is barking.,0
635,If   was given a padma award you  have just degraded the award  giving away just like giving chocolates to your favourite students.,1
636,She is mentally sick and all we can do is ignore her for good.She doesnt even understand the true meaning of independence as she is still a slave of a particular ideology that believes in divisive politics.,0
637,"Award wapsi gang ne to abhi tak award wapas nhi kia but they want want government to take back kanganas padmashri  level of hypocrisy""",1
638,One controversy created by  and another by ; hope media speaks equally on both,1
639,"Will Padma Shri be snatched from Kangana Ranaut?  Politics heated up on the statement India got freedom in begging  """,1
640,"Koi isko mental hospital mei dal do ....what kind of rubbish n traitors statement is this...  should apologise n legal action agst kangana should b initiated..     """,1
641,"Do not agree with you  ,  is an actress par ellence and a true Indian you on the other hand are writing absurd rubbish in the name of journalism. Who are you to question her patriotism?",1
642,Followers People Got The  From1947. Thought People Got The Freedom From 2014..,1
643,The Indians gained independence in 1947 and some of the most inadequate high-tech beggars in 2014.,0
644,They are out to de-legitimize the freedom struggle because they had no role in it,1
645,"Only to flatter a particular political party, this  has insulted our independence, independence warriors and indian constitution.We think  award should be taken back from her and sedition case (""deshdrohi"") to be filed against her.",1
646,Absolutely not....Everyone knows when the country got independence leave it.....,0
647,"got Padma award for art category and not social work. Apply some brain  now dont say sonu Sood is better than kangana in arts category """,1
648,Congratulations    A Queen is always a queen  We are so proud of you,1
649,This idiot is shame for the nation...,0
650,"You have opinions on everything. What about this ? was honey trapped by arms lobby You should comment on this as well. If you have guts, File a defamation case against",0
651,Shame on you,0
652,"If she continues like this, one day she will get Bharat ratna before age 2029She needs education more than anyone right now",1
653,.disgraceful shameful persona tend to do that..,0
654,insulting india freedom fighter who died for nation. Praising modi is insulting our freedom fighter she is a prostitute for bjp party,1
655,"Everyone knows when the country got independence leave it , but people have also come to know who is putting a piece of roti in Kanganas mouth since 2014.  charsi gajeri Kangana  """,0
656,This shameless ignoramus has crossed all the limits now. Her cheapness has perennial ents. Would she be booked for insulting our Freedom Fighters and Martyrs? Where are those pseudo nationalists? This is not acceptable at all at any cost now.,0
657,"is in love and she will disclose the name in few days but I know him .so the lucky guy is  .what a beautiful couple .same thoughts ,same ideology ,same IQ.",1
658,Very Shameful Statement by .,0
659,"Kangana Ranaut receiving Padma Shri award by Honble President of India  """,1
660,Struggle Behind That Beautiful Smile.Many Congratulations!,1
661,If  can get it then anyone can get it.  is by far better deserving than him,1
662,"However recent  given to  is really out of my understanding. I am not against  and do support her many a times, but padma award is given one who has done eptional in some thing and after tanu weds manu her performance is very average",1
663,"Advocate Ali Kashif Khan Deshmukh, the objection Advocate,  has challenged the order and also  filed a revision application in the sessions court. Also, he moved towards the collector for allocation of sanction.",0
664,You choose if you want to be a  or  in life,1
665,Good to know that you copied my tweet..anything for My queen;).,1
666,You get gifts when you work for the party,1
667,"""Kangana Ranaut gets Padma Shri"" I told Lulu, my parrot. ""Smt Tulsi Gowda, environmentalist has planted more than 30,000 saplings and was awarded Padma Shri. Much more deserving than Kangana"" he said.",1
668,so fresh &amp; beautiful,1
669,What a powerful picture,1
670,This smile is everything &gt;&gt;&gt;&gt;,1
671,on winning padma shri  Congratulation,1
672,CONGRATULATIONS Queen,1
673,Padma shri to  is one of the finest selections. Thanks  sir  sir,1
674,"Bollywood personalities ,  and  are a few names being honoured with the  on Monday in a ceremony held at Rashtrapati Bhavan in the capital.",1
675,We demand Nobel for,0
676,Wishing the best to our Queen  &amp; her production  for their new venture  Stars   Filming Begins today!,1
677,gives a glimpse of her   celebrations with Aksht: Blessed to have you,1
678,Ultimate Queen is here. Nobody can even dream of beating here.,0
679,What a prediction by  Finally  arrested.,0
680,Just watched  fantastic film great performance by  Maja a gya great acting by all the actors,1
681,", the onky best.",1
682,I find your agent infront of Hanshraj &amp; DU Campus also... Innocents name should be hide but  u r a political back up fellow by modi who support cracker on Diwali. Ur suporter  (who blocked me) also anti environment supporter.  m suffocating,1
683,SHAMELESS PVR INOX I am with you akshay fans they did same with     release time,0
